Chromosome	avg_cov
1	47.120686394412
10	46.1951725285383
11	40.6804072573187
12	39.9552601927013
13	43.1669734361706
14	40.9534277340033
15	39.4165362670402
16	60.1739782073984
17	49.1109869237573
18	43.3820265184924
19	38.6898714165261
2	48.1891363386763
20	52.9756947798218
21	91.7900220059079
22	38.1794145550041
3	45.4036550002559
4	47.3857651748608
5	42.3173950529501
6	43.9093006224826
7	43.0549632911043
8	41.7174902497891
9	47.060535212689
